,Country,variable,value
0,Finland,Overall_rank,1.0
1,Denmark,Overall_rank,2.0
2,Norway,Overall_rank,3.0
3,Iceland,Overall_rank,4.0
4,Netherlands,Overall_rank,5.0
5,Switzerland,Overall_rank,6.0
6,Sweden,Overall_rank,7.0
7,New Zealand,Overall_rank,8.0
8,Canada,Overall_rank,9.0
9,Austria,Overall_rank,10.0
10,Australia,Overall_rank,11.0
11,Costa Rica,Overall_rank,12.0
12,Israel,Overall_rank,13.0
13,Luxembourg,Overall_rank,14.0
14,United Kingdom,Overall_rank,15.0
15,Ireland,Overall_rank,16.0
16,Germany,Overall_rank,17.0
17,Belgium,Overall_rank,18.0
18,United States of America,Overall_rank,19.0
19,Czech Republic,Overall_rank,20.0
20,United Arab Emirates,Overall_rank,21.0
21,Malta,Overall_rank,22.0
22,Mexico,Overall_rank,23.0
23,France,Overall_rank,24.0
24,Taiwan,Overall_rank,25.0
25,Chile,Overall_rank,26.0
26,Guatemala,Overall_rank,27.0
27,Saudi Arabia,Overall_rank,28.0
28,Qatar,Overall_rank,29.0
29,Spain,Overall_rank,30.0
30,Panama,Overall_rank,31.0
31,Brazil,Overall_rank,32.0
32,Uruguay,Overall_rank,33.0
33,Singapore,Overall_rank,34.0
34,El Salvador,Overall_rank,35.0
35,Italy,Overall_rank,36.0
36,Bahrain,Overall_rank,37.0
37,Slovakia,Overall_rank,38.0
38,Trinidad & Tobago,Overall_rank,39.0
39,Poland,Overall_rank,40.0
40,Uzbekistan,Overall_rank,41.0
41,Lithuania,Overall_rank,42.0
42,Colombia,Overall_rank,43.0
43,Slovenia,Overall_rank,44.0
44,Nicaragua,Overall_rank,45.0
45,Kosovo,Overall_rank,46.0
46,Argentina,Overall_rank,47.0
47,Romania,Overall_rank,48.0
48,Cyprus,Overall_rank,49.0
49,Ecuador,Overall_rank,50.0
50,Kuwait,Overall_rank,51.0
51,Thailand,Overall_rank,52.0
52,Latvia,Overall_rank,53.0
53,South Korea,Overall_rank,54.0
54,Estonia,Overall_rank,55.0
55,Jamaica,Overall_rank,56.0
56,Mauritius,Overall_rank,57.0
57,Japan,Overall_rank,58.0
58,Honduras,Overall_rank,59.0
59,Kazakhstan,Overall_rank,60.0
60,Bolivia,Overall_rank,61.0
61,Hungary,Overall_rank,62.0
62,Paraguay,Overall_rank,63.0
63,Northern Cyprus,Overall_rank,64.0
64,Peru,Overall_rank,65.0
65,Portugal,Overall_rank,66.0
66,Pakistan,Overall_rank,67.0
67,Russia,Overall_rank,68.0
68,Philippines,Overall_rank,69.0
69,Serbia,Overall_rank,70.0
70,Moldova,Overall_rank,71.0
71,Libya,Overall_rank,72.0
72,Montenegro,Overall_rank,73.0
73,Tajikistan,Overall_rank,74.0
74,Croatia,Overall_rank,75.0
75,Hong Kong,Overall_rank,76.0
76,Dominican Republic,Overall_rank,77.0
77,Bosnia and Herzegovina,Overall_rank,78.0
78,Turkey,Overall_rank,79.0
79,Malaysia,Overall_rank,80.0
80,Belarus,Overall_rank,81.0
81,Greece,Overall_rank,82.0
82,Mongolia,Overall_rank,83.0
83,North Macedonia,Overall_rank,84.0
84,Nigeria,Overall_rank,85.0
85,Kyrgyzstan,Overall_rank,86.0
86,Turkmenistan,Overall_rank,87.0
87,Algeria,Overall_rank,88.0
88,Morocco,Overall_rank,89.0
89,Azerbaijan,Overall_rank,90.0
90,Lebanon,Overall_rank,91.0
91,Indonesia,Overall_rank,92.0
92,China,Overall_rank,93.0
93,Vietnam,Overall_rank,94.0
94,Bhutan,Overall_rank,95.0
95,Cameroon,Overall_rank,96.0
96,Bulgaria,Overall_rank,97.0
97,Ghana,Overall_rank,98.0
98,Ivory Coast,Overall_rank,99.0
99,Nepal,Overall_rank,100.0
100,Jordan,Overall_rank,101.0
101,Benin,Overall_rank,102.0
102,Congo,Overall_rank,103.0
103,Gabon,Overall_rank,104.0
104,Laos,Overall_rank,105.0
105,South Africa,Overall_rank,106.0
106,Albania,Overall_rank,107.0
107,Venezuela,Overall_rank,108.0
108,Cambodia,Overall_rank,109.0
109,Palestinian Territories,Overall_rank,110.0
110,Senegal,Overall_rank,111.0
111,Somalia,Overall_rank,112.0
112,Namibia,Overall_rank,113.0
113,Niger,Overall_rank,114.0
114,Burkina Faso,Overall_rank,115.0
115,Armenia,Overall_rank,116.0
116,Iran,Overall_rank,117.0
117,Guinea,Overall_rank,118.0
118,Georgia,Overall_rank,119.0
119,Gambia,Overall_rank,120.0
120,Kenya,Overall_rank,121.0
121,Mauritania,Overall_rank,122.0
122,Mozambique,Overall_rank,123.0
123,Tunisia,Overall_rank,124.0
124,Bangladesh,Overall_rank,125.0
125,Iraq,Overall_rank,126.0
126,Dem. Rep. Congo,Overall_rank,127.0
127,Mali,Overall_rank,128.0
128,Sierra Leone,Overall_rank,129.0
129,Sri Lanka,Overall_rank,130.0
130,Myanmar,Overall_rank,131.0
131,Chad,Overall_rank,132.0
132,Ukraine,Overall_rank,133.0
133,Ethiopia,Overall_rank,134.0
134,Swaziland,Overall_rank,135.0
135,Uganda,Overall_rank,136.0
136,Egypt,Overall_rank,137.0
137,Zambia,Overall_rank,138.0
138,Togo,Overall_rank,139.0
139,India,Overall_rank,140.0
140,Liberia,Overall_rank,141.0
141,Comoros,Overall_rank,142.0
142,Madagascar,Overall_rank,143.0
143,Lesotho,Overall_rank,144.0
144,Burundi,Overall_rank,145.0
145,Zimbabwe,Overall_rank,146.0
146,Haiti,Overall_rank,147.0
147,Botswana,Overall_rank,148.0
148,Syria,Overall_rank,149.0
149,Malawi,Overall_rank,150.0
150,Yemen,Overall_rank,151.0
151,Rwanda,Overall_rank,152.0
152,Tanzania,Overall_rank,153.0
153,Afghanistan,Overall_rank,154.0
154,Central African Rep.,Overall_rank,155.0
155,S. Sudan,Overall_rank,156.0
156,Finland,Score,7.769
157,Denmark,Score,7.6
158,Norway,Score,7.553999999999999
159,Iceland,Score,7.494
160,Netherlands,Score,7.4879999999999995
161,Switzerland,Score,7.48
162,Sweden,Score,7.343
163,New Zealand,Score,7.307
164,Canada,Score,7.278
165,Austria,Score,7.246
166,Australia,Score,7.228
167,Costa Rica,Score,7.167000000000001
168,Israel,Score,7.138999999999999
169,Luxembourg,Score,7.09
170,United Kingdom,Score,7.053999999999999
171,Ireland,Score,7.021
172,Germany,Score,6.985
173,Belgium,Score,6.922999999999999
174,United States of America,Score,6.892
175,Czech Republic,Score,6.852
176,United Arab Emirates,Score,6.825
177,Malta,Score,6.726
178,Mexico,Score,6.595
179,France,Score,6.5920000000000005
180,Taiwan,Score,6.446000000000001
181,Chile,Score,6.444
182,Guatemala,Score,6.436
183,Saudi Arabia,Score,6.375
184,Qatar,Score,6.374
185,Spain,Score,6.354
186,Panama,Score,6.321000000000001
187,Brazil,Score,6.3
188,Uruguay,Score,6.292999999999999
189,Singapore,Score,6.2620000000000005
190,El Salvador,Score,6.252999999999999
191,Italy,Score,6.223
192,Bahrain,Score,6.199
193,Slovakia,Score,6.1979999999999995
194,Trinidad & Tobago,Score,6.192
195,Poland,Score,6.182
196,Uzbekistan,Score,6.1739999999999995
197,Lithuania,Score,6.149
198,Colombia,Score,6.125
199,Slovenia,Score,6.117999999999999
200,Nicaragua,Score,6.105
201,Kosovo,Score,6.1
202,Argentina,Score,6.086
203,Romania,Score,6.07
204,Cyprus,Score,6.046
205,Ecuador,Score,6.028
206,Kuwait,Score,6.021
207,Thailand,Score,6.007999999999999
208,Latvia,Score,5.94
209,South Korea,Score,5.895
210,Estonia,Score,5.893
211,Jamaica,Score,5.89
212,Mauritius,Score,5.888
213,Japan,Score,5.886
214,Honduras,Score,5.86
215,Kazakhstan,Score,5.809
216,Bolivia,Score,5.779
217,Hungary,Score,5.757999999999999
218,Paraguay,Score,5.742999999999999
219,Northern Cyprus,Score,5.718
220,Peru,Score,5.697
221,Portugal,Score,5.693
222,Pakistan,Score,5.653
223,Russia,Score,5.648
224,Philippines,Score,5.631
225,Serbia,Score,5.603
226,Moldova,Score,5.529
227,Libya,Score,5.525
228,Montenegro,Score,5.523
229,Tajikistan,Score,5.4670000000000005
230,Croatia,Score,5.432
231,Hong Kong,Score,5.43
232,Dominican Republic,Score,5.425
233,Bosnia and Herzegovina,Score,5.386
234,Turkey,Score,5.372999999999999
235,Malaysia,Score,5.3389999999999995
236,Belarus,Score,5.3229999999999995
237,Greece,Score,5.287000000000001
238,Mongolia,Score,5.285
239,North Macedonia,Score,5.274
240,Nigeria,Score,5.265
241,Kyrgyzstan,Score,5.261
242,Turkmenistan,Score,5.247000000000001
243,Algeria,Score,5.211
244,Morocco,Score,5.207999999999999
245,Azerbaijan,Score,5.207999999999999
246,Lebanon,Score,5.197
247,Indonesia,Score,5.192
248,China,Score,5.191
249,Vietnam,Score,5.175
250,Bhutan,Score,5.082
251,Cameroon,Score,5.044
252,Bulgaria,Score,5.011
253,Ghana,Score,4.996
254,Ivory Coast,Score,4.944
255,Nepal,Score,4.913
256,Jordan,Score,4.906000000000001
257,Benin,Score,4.883
258,Congo,Score,4.812
259,Gabon,Score,4.7989999999999995
260,Laos,Score,4.796
261,South Africa,Score,4.7219999999999995
262,Albania,Score,4.718999999999999
263,Venezuela,Score,4.707
264,Cambodia,Score,4.7
265,Palestinian Territories,Score,4.696000000000001
266,Senegal,Score,4.681
267,Somalia,Score,4.668
268,Namibia,Score,4.638999999999999
269,Niger,Score,4.628
270,Burkina Faso,Score,4.587
271,Armenia,Score,4.559
272,Iran,Score,4.548
273,Guinea,Score,4.534
274,Georgia,Score,4.519
275,Gambia,Score,4.516
276,Kenya,Score,4.5089999999999995
277,Mauritania,Score,4.49
278,Mozambique,Score,4.466
279,Tunisia,Score,4.461
280,Bangladesh,Score,4.456
281,Iraq,Score,4.437
282,Dem. Rep. Congo,Score,4.418
283,Mali,Score,4.39
284,Sierra Leone,Score,4.374
285,Sri Lanka,Score,4.3660000000000005
286,Myanmar,Score,4.36
287,Chad,Score,4.35
288,Ukraine,Score,4.332
289,Ethiopia,Score,4.2860000000000005
290,Swaziland,Score,4.212
291,Uganda,Score,4.189
292,Egypt,Score,4.166
293,Zambia,Score,4.107
294,Togo,Score,4.085
295,India,Score,4.015
296,Liberia,Score,3.975
297,Comoros,Score,3.9730000000000003
298,Madagascar,Score,3.9330000000000003
299,Lesotho,Score,3.802
300,Burundi,Score,3.775
301,Zimbabwe,Score,3.6630000000000003
302,Haiti,Score,3.597
303,Botswana,Score,3.488
304,Syria,Score,3.4619999999999997
305,Malawi,Score,3.41
306,Yemen,Score,3.38
307,Rwanda,Score,3.3339999999999996
308,Tanzania,Score,3.2310000000000003
309,Afghanistan,Score,3.2030000000000003
310,Central African Rep.,Score,3.083
311,S. Sudan,Score,2.853
312,Finland,GDP_per_capita,1.34
313,Denmark,GDP_per_capita,1.383
314,Norway,GDP_per_capita,1.4880000000000002
315,Iceland,GDP_per_capita,1.38
316,Netherlands,GDP_per_capita,1.396
317,Switzerland,GDP_per_capita,1.452
318,Sweden,GDP_per_capita,1.3869999999999998
319,New Zealand,GDP_per_capita,1.3030000000000002
320,Canada,GDP_per_capita,1.365
321,Austria,GDP_per_capita,1.376
322,Australia,GDP_per_capita,1.3719999999999999
323,Costa Rica,GDP_per_capita,1.034
324,Israel,GDP_per_capita,1.276
325,Luxembourg,GDP_per_capita,1.609
326,United Kingdom,GDP_per_capita,1.3330000000000002
327,Ireland,GDP_per_capita,1.499
328,Germany,GDP_per_capita,1.3730000000000002
329,Belgium,GDP_per_capita,1.3559999999999999
330,United States of America,GDP_per_capita,1.433
331,Czech Republic,GDP_per_capita,1.2690000000000001
332,United Arab Emirates,GDP_per_capita,1.5030000000000001
333,Malta,GDP_per_capita,1.3
334,Mexico,GDP_per_capita,1.07
335,France,GDP_per_capita,1.324
336,Taiwan,GDP_per_capita,1.368
337,Chile,GDP_per_capita,1.159
338,Guatemala,GDP_per_capita,0.8
339,Saudi Arabia,GDP_per_capita,1.403
340,Qatar,GDP_per_capita,1.6840000000000002
341,Spain,GDP_per_capita,1.286
342,Panama,GDP_per_capita,1.149
343,Brazil,GDP_per_capita,1.004
344,Uruguay,GDP_per_capita,1.124
345,Singapore,GDP_per_capita,1.5719999999999998
346,El Salvador,GDP_per_capita,0.794
347,Italy,GDP_per_capita,1.294
348,Bahrain,GDP_per_capita,1.3619999999999999
349,Slovakia,GDP_per_capita,1.246
350,Trinidad & Tobago,GDP_per_capita,1.2309999999999999
351,Poland,GDP_per_capita,1.206
352,Uzbekistan,GDP_per_capita,0.745
353,Lithuania,GDP_per_capita,1.238
354,Colombia,GDP_per_capita,0.985
355,Slovenia,GDP_per_capita,1.258
356,Nicaragua,GDP_per_capita,0.6940000000000001
357,Kosovo,GDP_per_capita,0.882
358,Argentina,GDP_per_capita,1.092
359,Romania,GDP_per_capita,1.162
360,Cyprus,GDP_per_capita,1.263
361,Ecuador,GDP_per_capita,0.912
362,Kuwait,GDP_per_capita,1.5
363,Thailand,GDP_per_capita,1.05
364,Latvia,GDP_per_capita,1.187
365,South Korea,GDP_per_capita,1.301
366,Estonia,GDP_per_capita,1.237
367,Jamaica,GDP_per_capita,0.831
368,Mauritius,GDP_per_capita,1.12
369,Japan,GDP_per_capita,1.327
370,Honduras,GDP_per_capita,0.642
371,Kazakhstan,GDP_per_capita,1.173
372,Bolivia,GDP_per_capita,0.7759999999999999
373,Hungary,GDP_per_capita,1.2009999999999998
374,Paraguay,GDP_per_capita,0.855
375,Northern Cyprus,GDP_per_capita,1.263
376,Peru,GDP_per_capita,0.96
377,Portugal,GDP_per_capita,1.2209999999999999
378,Pakistan,GDP_per_capita,0.677
379,Russia,GDP_per_capita,1.183
380,Philippines,GDP_per_capita,0.807
381,Serbia,GDP_per_capita,1.004
382,Moldova,GDP_per_capita,0.685
383,Libya,GDP_per_capita,1.044
384,Montenegro,GDP_per_capita,1.051
385,Tajikistan,GDP_per_capita,0.493
386,Croatia,GDP_per_capita,1.155
387,Hong Kong,GDP_per_capita,1.4380000000000002
388,Dominican Republic,GDP_per_capita,1.015
389,Bosnia and Herzegovina,GDP_per_capita,0.945
390,Turkey,GDP_per_capita,1.183
391,Malaysia,GDP_per_capita,1.2209999999999999
392,Belarus,GDP_per_capita,1.067
393,Greece,GDP_per_capita,1.181
394,Mongolia,GDP_per_capita,0.948
395,North Macedonia,GDP_per_capita,0.983
396,Nigeria,GDP_per_capita,0.696
397,Kyrgyzstan,GDP_per_capita,0.551
398,Turkmenistan,GDP_per_capita,1.052
399,Algeria,GDP_per_capita,1.002
400,Morocco,GDP_per_capita,0.8009999999999999
401,Azerbaijan,GDP_per_capita,1.043
402,Lebanon,GDP_per_capita,0.987
403,Indonesia,GDP_per_capita,0.9309999999999999
404,China,GDP_per_capita,1.0290000000000001
405,Vietnam,GDP_per_capita,0.741
406,Bhutan,GDP_per_capita,0.813
407,Cameroon,GDP_per_capita,0.5489999999999999
408,Bulgaria,GDP_per_capita,1.092
409,Ghana,GDP_per_capita,0.611
410,Ivory Coast,GDP_per_capita,0.569
411,Nepal,GDP_per_capita,0.446
412,Jordan,GDP_per_capita,0.8370000000000001
413,Benin,GDP_per_capita,0.39299999999999996
414,Congo,GDP_per_capita,0.6729999999999999
415,Gabon,GDP_per_capita,1.057
416,Laos,GDP_per_capita,0.764
417,South Africa,GDP_per_capita,0.96
418,Albania,GDP_per_capita,0.9470000000000001
419,Venezuela,GDP_per_capita,0.96
420,Cambodia,GDP_per_capita,0.574
421,Palestinian Territories,GDP_per_capita,0.657
422,Senegal,GDP_per_capita,0.45
423,Somalia,GDP_per_capita,0.0
424,Namibia,GDP_per_capita,0.879
425,Niger,GDP_per_capita,0.138
426,Burkina Faso,GDP_per_capita,0.331
427,Armenia,GDP_per_capita,0.85
428,Iran,GDP_per_capita,1.1
429,Guinea,GDP_per_capita,0.38
430,Georgia,GDP_per_capita,0.8859999999999999
431,Gambia,GDP_per_capita,0.308
432,Kenya,GDP_per_capita,0.512
433,Mauritania,GDP_per_capita,0.57
434,Mozambique,GDP_per_capita,0.204
435,Tunisia,GDP_per_capita,0.9209999999999999
436,Bangladesh,GDP_per_capita,0.562
437,Iraq,GDP_per_capita,1.043
438,Dem. Rep. Congo,GDP_per_capita,0.094
439,Mali,GDP_per_capita,0.385
440,Sierra Leone,GDP_per_capita,0.268
441,Sri Lanka,GDP_per_capita,0.9490000000000001
442,Myanmar,GDP_per_capita,0.71
443,Chad,GDP_per_capita,0.35
444,Ukraine,GDP_per_capita,0.82
445,Ethiopia,GDP_per_capita,0.336
446,Swaziland,GDP_per_capita,0.8109999999999999
447,Uganda,GDP_per_capita,0.332
448,Egypt,GDP_per_capita,0.9129999999999999
449,Zambia,GDP_per_capita,0.578
450,Togo,GDP_per_capita,0.275
451,India,GDP_per_capita,0.755
452,Liberia,GDP_per_capita,0.073
453,Comoros,GDP_per_capita,0.27399999999999997
454,Madagascar,GDP_per_capita,0.27399999999999997
455,Lesotho,GDP_per_capita,0.489
456,Burundi,GDP_per_capita,0.046
457,Zimbabwe,GDP_per_capita,0.366
458,Haiti,GDP_per_capita,0.32299999999999995
459,Botswana,GDP_per_capita,1.041
460,Syria,GDP_per_capita,0.619
461,Malawi,GDP_per_capita,0.191
462,Yemen,GDP_per_capita,0.287
463,Rwanda,GDP_per_capita,0.359
464,Tanzania,GDP_per_capita,0.47600000000000003
465,Afghanistan,GDP_per_capita,0.35
466,Central African Rep.,GDP_per_capita,0.026000000000000002
467,S. Sudan,GDP_per_capita,0.306
468,Finland,Social_support,1.587
469,Denmark,Social_support,1.5730000000000002
470,Norway,Social_support,1.5819999999999999
471,Iceland,Social_support,1.624
472,Netherlands,Social_support,1.5219999999999998
473,Switzerland,Social_support,1.526
474,Sweden,Social_support,1.4869999999999999
475,New Zealand,Social_support,1.557
476,Canada,Social_support,1.505
477,Austria,Social_support,1.475
478,Australia,Social_support,1.548
479,Costa Rica,Social_support,1.4409999999999998
480,Israel,Social_support,1.455
481,Luxembourg,Social_support,1.479
482,United Kingdom,Social_support,1.538
483,Ireland,Social_support,1.5530000000000002
484,Germany,Social_support,1.454
485,Belgium,Social_support,1.504
486,United States of America,Social_support,1.4569999999999999
487,Czech Republic,Social_support,1.4869999999999999
488,United Arab Emirates,Social_support,1.31
489,Malta,Social_support,1.52
490,Mexico,Social_support,1.3230000000000002
491,France,Social_support,1.472
492,Taiwan,Social_support,1.43
493,Chile,Social_support,1.369
494,Guatemala,Social_support,1.2690000000000001
495,Saudi Arabia,Social_support,1.357
496,Qatar,Social_support,1.3130000000000002
497,Spain,Social_support,1.484
498,Panama,Social_support,1.442
499,Brazil,Social_support,1.439
500,Uruguay,Social_support,1.465
501,Singapore,Social_support,1.463
502,El Salvador,Social_support,1.242
503,Italy,Social_support,1.4880000000000002
504,Bahrain,Social_support,1.368
505,Slovakia,Social_support,1.504
506,Trinidad & Tobago,Social_support,1.4769999999999999
507,Poland,Social_support,1.4380000000000002
508,Uzbekistan,Social_support,1.5290000000000001
509,Lithuania,Social_support,1.515
510,Colombia,Social_support,1.41
511,Slovenia,Social_support,1.5230000000000001
512,Nicaragua,Social_support,1.325
513,Kosovo,Social_support,1.232
514,Argentina,Social_support,1.432
515,Romania,Social_support,1.232
516,Cyprus,Social_support,1.2229999999999999
517,Ecuador,Social_support,1.3119999999999998
518,Kuwait,Social_support,1.319
519,Thailand,Social_support,1.409
520,Latvia,Social_support,1.465
521,South Korea,Social_support,1.219
522,Estonia,Social_support,1.528
523,Jamaica,Social_support,1.4780000000000002
524,Mauritius,Social_support,1.402
525,Japan,Social_support,1.419
526,Honduras,Social_support,1.236
527,Kazakhstan,Social_support,1.508
528,Bolivia,Social_support,1.209
529,Hungary,Social_support,1.41
530,Paraguay,Social_support,1.475
531,Northern Cyprus,Social_support,1.252
532,Peru,Social_support,1.274
533,Portugal,Social_support,1.431
534,Pakistan,Social_support,0.8859999999999999
535,Russia,Social_support,1.452
536,Philippines,Social_support,1.2930000000000001
537,Serbia,Social_support,1.383
538,Moldova,Social_support,1.328
539,Libya,Social_support,1.3030000000000002
540,Montenegro,Social_support,1.361
541,Tajikistan,Social_support,1.0979999999999999
542,Croatia,Social_support,1.266
543,Hong Kong,Social_support,1.2770000000000001
544,Dominican Republic,Social_support,1.401
545,Bosnia and Herzegovina,Social_support,1.212
546,Turkey,Social_support,1.36
547,Malaysia,Social_support,1.171
548,Belarus,Social_support,1.465
549,Greece,Social_support,1.156
550,Mongolia,Social_support,1.531
551,North Macedonia,Social_support,1.294
552,Nigeria,Social_support,1.111
553,Kyrgyzstan,Social_support,1.4380000000000002
554,Turkmenistan,Social_support,1.538
555,Algeria,Social_support,1.16
556,Morocco,Social_support,0.782
557,Azerbaijan,Social_support,1.147
558,Lebanon,Social_support,1.224
559,Indonesia,Social_support,1.203
560,China,Social_support,1.125
561,Vietnam,Social_support,1.3459999999999999
562,Bhutan,Social_support,1.321
563,Cameroon,Social_support,0.91
564,Bulgaria,Social_support,1.5130000000000001
565,Ghana,Social_support,0.868
566,Ivory Coast,Social_support,0.8079999999999999
567,Nepal,Social_support,1.226
568,Jordan,Social_support,1.225
569,Benin,Social_support,0.43700000000000006
570,Congo,Social_support,0.799
571,Gabon,Social_support,1.183
572,Laos,Social_support,1.03
573,South Africa,Social_support,1.351
574,Albania,Social_support,0.848
575,Venezuela,Social_support,1.4269999999999998
576,Cambodia,Social_support,1.122
577,Palestinian Territories,Social_support,1.247
578,Senegal,Social_support,1.1340000000000001
579,Somalia,Social_support,0.698
580,Namibia,Social_support,1.3130000000000002
581,Niger,Social_support,0.774
582,Burkina Faso,Social_support,1.056
583,Armenia,Social_support,1.055
584,Iran,Social_support,0.8420000000000001
585,Guinea,Social_support,0.8290000000000001
586,Georgia,Social_support,0.6659999999999999
587,Gambia,Social_support,0.9390000000000001
588,Kenya,Social_support,0.983
589,Mauritania,Social_support,1.167
590,Mozambique,Social_support,0.986
591,Tunisia,Social_support,1.0
592,Bangladesh,Social_support,0.9279999999999999
593,Iraq,Social_support,0.98
594,Dem. Rep. Congo,Social_support,1.125
595,Mali,Social_support,1.105
596,Sierra Leone,Social_support,0.841
597,Sri Lanka,Social_support,1.265
598,Myanmar,Social_support,1.181
599,Chad,Social_support,0.7659999999999999
600,Ukraine,Social_support,1.39
601,Ethiopia,Social_support,1.033
602,Swaziland,Social_support,1.149
603,Uganda,Social_support,1.069
604,Egypt,Social_support,1.0390000000000001
605,Zambia,Social_support,1.058
606,Togo,Social_support,0.5720000000000001
607,India,Social_support,0.765
608,Liberia,Social_support,0.922
609,Comoros,Social_support,0.757
610,Madagascar,Social_support,0.9159999999999999
611,Lesotho,Social_support,1.169
612,Burundi,Social_support,0.447
613,Zimbabwe,Social_support,1.114
614,Haiti,Social_support,0.688
615,Botswana,Social_support,1.145
616,Syria,Social_support,0.37799999999999995
617,Malawi,Social_support,0.56
618,Yemen,Social_support,1.163
619,Rwanda,Social_support,0.711
620,Tanzania,Social_support,0.885
621,Afghanistan,Social_support,0.517
622,Central African Rep.,Social_support,0.0
623,S. Sudan,Social_support,0.575
624,Finland,Healthy_life_expectancy,0.986
625,Denmark,Healthy_life_expectancy,0.996
626,Norway,Healthy_life_expectancy,1.028
627,Iceland,Healthy_life_expectancy,1.026
628,Netherlands,Healthy_life_expectancy,0.9990000000000001
629,Switzerland,Healthy_life_expectancy,1.052
630,Sweden,Healthy_life_expectancy,1.0090000000000001
631,New Zealand,Healthy_life_expectancy,1.026
632,Canada,Healthy_life_expectancy,1.0390000000000001
633,Austria,Healthy_life_expectancy,1.016
634,Australia,Healthy_life_expectancy,1.036
635,Costa Rica,Healthy_life_expectancy,0.963
636,Israel,Healthy_life_expectancy,1.0290000000000001
637,Luxembourg,Healthy_life_expectancy,1.012
638,United Kingdom,Healthy_life_expectancy,0.996
639,Ireland,Healthy_life_expectancy,0.9990000000000001
640,Germany,Healthy_life_expectancy,0.987
641,Belgium,Healthy_life_expectancy,0.986
642,United States of America,Healthy_life_expectancy,0.8740000000000001
643,Czech Republic,Healthy_life_expectancy,0.92
644,United Arab Emirates,Healthy_life_expectancy,0.825
645,Malta,Healthy_life_expectancy,0.9990000000000001
646,Mexico,Healthy_life_expectancy,0.861
647,France,Healthy_life_expectancy,1.045
648,Taiwan,Healthy_life_expectancy,0.914
649,Chile,Healthy_life_expectancy,0.92
650,Guatemala,Healthy_life_expectancy,0.746
651,Saudi Arabia,Healthy_life_expectancy,0.795
652,Qatar,Healthy_life_expectancy,0.871
653,Spain,Healthy_life_expectancy,1.062
654,Panama,Healthy_life_expectancy,0.91
655,Brazil,Healthy_life_expectancy,0.802
656,Uruguay,Healthy_life_expectancy,0.8909999999999999
657,Singapore,Healthy_life_expectancy,1.141
658,El Salvador,Healthy_life_expectancy,0.789
659,Italy,Healthy_life_expectancy,1.0390000000000001
660,Bahrain,Healthy_life_expectancy,0.871
661,Slovakia,Healthy_life_expectancy,0.8809999999999999
662,Trinidad & Tobago,Healthy_life_expectancy,0.713
663,Poland,Healthy_life_expectancy,0.884
664,Uzbekistan,Healthy_life_expectancy,0.7559999999999999
665,Lithuania,Healthy_life_expectancy,0.818
666,Colombia,Healthy_life_expectancy,0.841
667,Slovenia,Healthy_life_expectancy,0.953
668,Nicaragua,Healthy_life_expectancy,0.835
669,Kosovo,Healthy_life_expectancy,0.758
670,Argentina,Healthy_life_expectancy,0.8809999999999999
671,Romania,Healthy_life_expectancy,0.825
672,Cyprus,Healthy_life_expectancy,1.042
673,Ecuador,Healthy_life_expectancy,0.868
674,Kuwait,Healthy_life_expectancy,0.8079999999999999
675,Thailand,Healthy_life_expectancy,0.828
676,Latvia,Healthy_life_expectancy,0.812
677,South Korea,Healthy_life_expectancy,1.036
678,Estonia,Healthy_life_expectancy,0.8740000000000001
679,Jamaica,Healthy_life_expectancy,0.831
680,Mauritius,Healthy_life_expectancy,0.7979999999999999
681,Japan,Healthy_life_expectancy,1.088
682,Honduras,Healthy_life_expectancy,0.828
683,Kazakhstan,Healthy_life_expectancy,0.7290000000000001
684,Bolivia,Healthy_life_expectancy,0.706
685,Hungary,Healthy_life_expectancy,0.828
686,Paraguay,Healthy_life_expectancy,0.777
687,Northern Cyprus,Healthy_life_expectancy,1.042
688,Peru,Healthy_life_expectancy,0.8540000000000001
689,Portugal,Healthy_life_expectancy,0.9990000000000001
690,Pakistan,Healthy_life_expectancy,0.535
691,Russia,Healthy_life_expectancy,0.726
692,Philippines,Healthy_life_expectancy,0.657
693,Serbia,Healthy_life_expectancy,0.8540000000000001
694,Moldova,Healthy_life_expectancy,0.7390000000000001
695,Libya,Healthy_life_expectancy,0.6729999999999999
696,Montenegro,Healthy_life_expectancy,0.871
697,Tajikistan,Healthy_life_expectancy,0.718
698,Croatia,Healthy_life_expectancy,0.914
699,Hong Kong,Healthy_life_expectancy,1.122
700,Dominican Republic,Healthy_life_expectancy,0.779
701,Bosnia and Herzegovina,Healthy_life_expectancy,0.845
702,Turkey,Healthy_life_expectancy,0.8079999999999999
703,Malaysia,Healthy_life_expectancy,0.828
704,Belarus,Healthy_life_expectancy,0.789
705,Greece,Healthy_life_expectancy,0.9990000000000001
706,Mongolia,Healthy_life_expectancy,0.667
707,North Macedonia,Healthy_life_expectancy,0.838
708,Nigeria,Healthy_life_expectancy,0.245
709,Kyrgyzstan,Healthy_life_expectancy,0.723
710,Turkmenistan,Healthy_life_expectancy,0.657
711,Algeria,Healthy_life_expectancy,0.785
712,Morocco,Healthy_life_expectancy,0.782
713,Azerbaijan,Healthy_life_expectancy,0.769
714,Lebanon,Healthy_life_expectancy,0.815
715,Indonesia,Healthy_life_expectancy,0.66
716,China,Healthy_life_expectancy,0.893
717,Vietnam,Healthy_life_expectancy,0.851
718,Bhutan,Healthy_life_expectancy,0.604
719,Cameroon,Healthy_life_expectancy,0.331
720,Bulgaria,Healthy_life_expectancy,0.815
721,Ghana,Healthy_life_expectancy,0.486
722,Ivory Coast,Healthy_life_expectancy,0.23199999999999998
723,Nepal,Healthy_life_expectancy,0.677
724,Jordan,Healthy_life_expectancy,0.815
725,Benin,Healthy_life_expectancy,0.397
726,Congo,Healthy_life_expectancy,0.508
727,Gabon,Healthy_life_expectancy,0.5710000000000001
728,Laos,Healthy_life_expectancy,0.551
729,South Africa,Healthy_life_expectancy,0.469
730,Albania,Healthy_life_expectancy,0.8740000000000001
731,Venezuela,Healthy_life_expectancy,0.805
732,Cambodia,Healthy_life_expectancy,0.637
733,Palestinian Territories,Healthy_life_expectancy,0.672
734,Senegal,Healthy_life_expectancy,0.5710000000000001
735,Somalia,Healthy_life_expectancy,0.268
736,Namibia,Healthy_life_expectancy,0.47700000000000004
737,Niger,Healthy_life_expectancy,0.366
738,Burkina Faso,Healthy_life_expectancy,0.38
739,Armenia,Healthy_life_expectancy,0.815
740,Iran,Healthy_life_expectancy,0.785
741,Guinea,Healthy_life_expectancy,0.375
742,Georgia,Healthy_life_expectancy,0.752
743,Gambia,Healthy_life_expectancy,0.428
744,Kenya,Healthy_life_expectancy,0.581
745,Mauritania,Healthy_life_expectancy,0.489
746,Mozambique,Healthy_life_expectancy,0.39
747,Tunisia,Healthy_life_expectancy,0.815
748,Bangladesh,Healthy_life_expectancy,0.723
749,Iraq,Healthy_life_expectancy,0.574
750,Dem. Rep. Congo,Healthy_life_expectancy,0.35700000000000004
751,Mali,Healthy_life_expectancy,0.308
752,Sierra Leone,Healthy_life_expectancy,0.242
753,Sri Lanka,Healthy_life_expectancy,0.831
754,Myanmar,Healthy_life_expectancy,0.555
755,Chad,Healthy_life_expectancy,0.192
756,Ukraine,Healthy_life_expectancy,0.7390000000000001
757,Ethiopia,Healthy_life_expectancy,0.532
758,Swaziland,Healthy_life_expectancy,0.0
759,Uganda,Healthy_life_expectancy,0.44299999999999995
760,Egypt,Healthy_life_expectancy,0.644
761,Zambia,Healthy_life_expectancy,0.426
762,Togo,Healthy_life_expectancy,0.41
763,India,Healthy_life_expectancy,0.588
764,Liberia,Healthy_life_expectancy,0.44299999999999995
765,Comoros,Healthy_life_expectancy,0.505
766,Madagascar,Healthy_life_expectancy,0.555
767,Lesotho,Healthy_life_expectancy,0.168
768,Burundi,Healthy_life_expectancy,0.38
769,Zimbabwe,Healthy_life_expectancy,0.433
770,Haiti,Healthy_life_expectancy,0.449
771,Botswana,Healthy_life_expectancy,0.5379999999999999
772,Syria,Healthy_life_expectancy,0.44
773,Malawi,Healthy_life_expectancy,0.495
774,Yemen,Healthy_life_expectancy,0.46299999999999997
775,Rwanda,Healthy_life_expectancy,0.614
776,Tanzania,Healthy_life_expectancy,0.499
777,Afghanistan,Healthy_life_expectancy,0.361
778,Central African Rep.,Healthy_life_expectancy,0.105
779,S. Sudan,Healthy_life_expectancy,0.295
780,Finland,Freedom_to_make_life_choices,0.596
781,Denmark,Freedom_to_make_life_choices,0.5920000000000001
782,Norway,Freedom_to_make_life_choices,0.603
783,Iceland,Freedom_to_make_life_choices,0.591
784,Netherlands,Freedom_to_make_life_choices,0.557
785,Switzerland,Freedom_to_make_life_choices,0.5720000000000001
786,Sweden,Freedom_to_make_life_choices,0.574
787,New Zealand,Freedom_to_make_life_choices,0.585
788,Canada,Freedom_to_make_life_choices,0.584
789,Austria,Freedom_to_make_life_choices,0.532
790,Australia,Freedom_to_make_life_choices,0.557
791,Costa Rica,Freedom_to_make_life_choices,0.5579999999999999
792,Israel,Freedom_to_make_life_choices,0.371
793,Luxembourg,Freedom_to_make_life_choices,0.526
794,United Kingdom,Freedom_to_make_life_choices,0.45
795,Ireland,Freedom_to_make_life_choices,0.516
796,Germany,Freedom_to_make_life_choices,0.495
797,Belgium,Freedom_to_make_life_choices,0.473
798,United States of America,Freedom_to_make_life_choices,0.45399999999999996
799,Czech Republic,Freedom_to_make_life_choices,0.457
800,United Arab Emirates,Freedom_to_make_life_choices,0.598
801,Malta,Freedom_to_make_life_choices,0.564
802,Mexico,Freedom_to_make_life_choices,0.433
803,France,Freedom_to_make_life_choices,0.436
804,Taiwan,Freedom_to_make_life_choices,0.35100000000000003
805,Chile,Freedom_to_make_life_choices,0.35700000000000004
806,Guatemala,Freedom_to_make_life_choices,0.535
807,Saudi Arabia,Freedom_to_make_life_choices,0.439
808,Qatar,Freedom_to_make_life_choices,0.555
809,Spain,Freedom_to_make_life_choices,0.36200000000000004
810,Panama,Freedom_to_make_life_choices,0.516
811,Brazil,Freedom_to_make_life_choices,0.39
812,Uruguay,Freedom_to_make_life_choices,0.523
813,Singapore,Freedom_to_make_life_choices,0.556
814,El Salvador,Freedom_to_make_life_choices,0.43
815,Italy,Freedom_to_make_life_choices,0.231
816,Bahrain,Freedom_to_make_life_choices,0.536
817,Slovakia,Freedom_to_make_life_choices,0.33399999999999996
818,Trinidad & Tobago,Freedom_to_make_life_choices,0.489
819,Poland,Freedom_to_make_life_choices,0.483
820,Uzbekistan,Freedom_to_make_life_choices,0.631
821,Lithuania,Freedom_to_make_life_choices,0.29100000000000004
822,Colombia,Freedom_to_make_life_choices,0.47
823,Slovenia,Freedom_to_make_life_choices,0.564
824,Nicaragua,Freedom_to_make_life_choices,0.435
825,Kosovo,Freedom_to_make_life_choices,0.489
826,Argentina,Freedom_to_make_life_choices,0.47100000000000003
827,Romania,Freedom_to_make_life_choices,0.462
828,Cyprus,Freedom_to_make_life_choices,0.406
829,Ecuador,Freedom_to_make_life_choices,0.498
830,Kuwait,Freedom_to_make_life_choices,0.493
831,Thailand,Freedom_to_make_life_choices,0.557
832,Latvia,Freedom_to_make_life_choices,0.264
833,South Korea,Freedom_to_make_life_choices,0.159
834,Estonia,Freedom_to_make_life_choices,0.495
835,Jamaica,Freedom_to_make_life_choices,0.49
836,Mauritius,Freedom_to_make_life_choices,0.498
837,Japan,Freedom_to_make_life_choices,0.445
838,Honduras,Freedom_to_make_life_choices,0.507
839,Kazakhstan,Freedom_to_make_life_choices,0.41
840,Bolivia,Freedom_to_make_life_choices,0.511
841,Hungary,Freedom_to_make_life_choices,0.19899999999999998
842,Paraguay,Freedom_to_make_life_choices,0.514
843,Northern Cyprus,Freedom_to_make_life_choices,0.41700000000000004
844,Peru,Freedom_to_make_life_choices,0.455
845,Portugal,Freedom_to_make_life_choices,0.508
846,Pakistan,Freedom_to_make_life_choices,0.313
847,Russia,Freedom_to_make_life_choices,0.33399999999999996
848,Philippines,Freedom_to_make_life_choices,0.5579999999999999
849,Serbia,Freedom_to_make_life_choices,0.282
850,Moldova,Freedom_to_make_life_choices,0.245
851,Libya,Freedom_to_make_life_choices,0.41600000000000004
852,Montenegro,Freedom_to_make_life_choices,0.19699999999999998
853,Tajikistan,Freedom_to_make_life_choices,0.389
854,Croatia,Freedom_to_make_life_choices,0.29600000000000004
855,Hong Kong,Freedom_to_make_life_choices,0.44
856,Dominican Republic,Freedom_to_make_life_choices,0.49700000000000005
857,Bosnia and Herzegovina,Freedom_to_make_life_choices,0.212
858,Turkey,Freedom_to_make_life_choices,0.195
859,Malaysia,Freedom_to_make_life_choices,0.508
860,Belarus,Freedom_to_make_life_choices,0.235
861,Greece,Freedom_to_make_life_choices,0.067
862,Mongolia,Freedom_to_make_life_choices,0.317
863,North Macedonia,Freedom_to_make_life_choices,0.345
864,Nigeria,Freedom_to_make_life_choices,0.426
865,Kyrgyzstan,Freedom_to_make_life_choices,0.508
866,Turkmenistan,Freedom_to_make_life_choices,0.39399999999999996
867,Algeria,Freedom_to_make_life_choices,0.086
868,Morocco,Freedom_to_make_life_choices,0.418
869,Azerbaijan,Freedom_to_make_life_choices,0.35100000000000003
870,Lebanon,Freedom_to_make_life_choices,0.21600000000000003
871,Indonesia,Freedom_to_make_life_choices,0.491
872,China,Freedom_to_make_life_choices,0.521
873,Vietnam,Freedom_to_make_life_choices,0.5429999999999999
874,Bhutan,Freedom_to_make_life_choices,0.457
875,Cameroon,Freedom_to_make_life_choices,0.381
876,Bulgaria,Freedom_to_make_life_choices,0.311
877,Ghana,Freedom_to_make_life_choices,0.381
878,Ivory Coast,Freedom_to_make_life_choices,0.35200000000000004
879,Nepal,Freedom_to_make_life_choices,0.439
880,Jordan,Freedom_to_make_life_choices,0.38299999999999995
881,Benin,Freedom_to_make_life_choices,0.349
882,Congo,Freedom_to_make_life_choices,0.37200000000000005
883,Gabon,Freedom_to_make_life_choices,0.295
884,Laos,Freedom_to_make_life_choices,0.547
885,South Africa,Freedom_to_make_life_choices,0.389
886,Albania,Freedom_to_make_life_choices,0.38299999999999995
887,Venezuela,Freedom_to_make_life_choices,0.154
888,Cambodia,Freedom_to_make_life_choices,0.609
889,Palestinian Territories,Freedom_to_make_life_choices,0.225
890,Senegal,Freedom_to_make_life_choices,0.292
891,Somalia,Freedom_to_make_life_choices,0.5589999999999999
892,Namibia,Freedom_to_make_life_choices,0.401
893,Niger,Freedom_to_make_life_choices,0.318
894,Burkina Faso,Freedom_to_make_life_choices,0.255
895,Armenia,Freedom_to_make_life_choices,0.28300000000000003
896,Iran,Freedom_to_make_life_choices,0.305
897,Guinea,Freedom_to_make_life_choices,0.332
898,Georgia,Freedom_to_make_life_choices,0.34600000000000003
899,Gambia,Freedom_to_make_life_choices,0.382
900,Kenya,Freedom_to_make_life_choices,0.431
901,Mauritania,Freedom_to_make_life_choices,0.066
902,Mozambique,Freedom_to_make_life_choices,0.494
903,Tunisia,Freedom_to_make_life_choices,0.16699999999999998
904,Bangladesh,Freedom_to_make_life_choices,0.527
905,Iraq,Freedom_to_make_life_choices,0.24100000000000002
906,Dem. Rep. Congo,Freedom_to_make_life_choices,0.26899999999999996
907,Mali,Freedom_to_make_life_choices,0.327
908,Sierra Leone,Freedom_to_make_life_choices,0.309
909,Sri Lanka,Freedom_to_make_life_choices,0.47
910,Myanmar,Freedom_to_make_life_choices,0.525
911,Chad,Freedom_to_make_life_choices,0.174
912,Ukraine,Freedom_to_make_life_choices,0.17800000000000002
913,Ethiopia,Freedom_to_make_life_choices,0.344
914,Swaziland,Freedom_to_make_life_choices,0.313
915,Uganda,Freedom_to_make_life_choices,0.35600000000000004
916,Egypt,Freedom_to_make_life_choices,0.24100000000000002
917,Zambia,Freedom_to_make_life_choices,0.431
918,Togo,Freedom_to_make_life_choices,0.293
919,India,Freedom_to_make_life_choices,0.498
920,Liberia,Freedom_to_make_life_choices,0.37
921,Comoros,Freedom_to_make_life_choices,0.142
922,Madagascar,Freedom_to_make_life_choices,0.14800000000000002
923,Lesotho,Freedom_to_make_life_choices,0.359
924,Burundi,Freedom_to_make_life_choices,0.22
925,Zimbabwe,Freedom_to_make_life_choices,0.361
926,Haiti,Freedom_to_make_life_choices,0.026000000000000002
927,Botswana,Freedom_to_make_life_choices,0.455
928,Syria,Freedom_to_make_life_choices,0.013000000000000001
929,Malawi,Freedom_to_make_life_choices,0.44299999999999995
930,Yemen,Freedom_to_make_life_choices,0.14300000000000002
931,Rwanda,Freedom_to_make_life_choices,0.555
932,Tanzania,Freedom_to_make_life_choices,0.41700000000000004
933,Afghanistan,Freedom_to_make_life_choices,0.0
934,Central African Rep.,Freedom_to_make_life_choices,0.225
935,S. Sudan,Freedom_to_make_life_choices,0.01
936,Finland,Generosity,0.153
937,Denmark,Generosity,0.252
938,Norway,Generosity,0.271
939,Iceland,Generosity,0.354
940,Netherlands,Generosity,0.322
941,Switzerland,Generosity,0.263
942,Sweden,Generosity,0.267
943,New Zealand,Generosity,0.33
944,Canada,Generosity,0.285
945,Austria,Generosity,0.244
946,Australia,Generosity,0.332
947,Costa Rica,Generosity,0.14400000000000002
948,Israel,Generosity,0.261
949,Luxembourg,Generosity,0.19399999999999998
950,United Kingdom,Generosity,0.348
951,Ireland,Generosity,0.298
952,Germany,Generosity,0.261
953,Belgium,Generosity,0.16
954,United States of America,Generosity,0.28
955,Czech Republic,Generosity,0.046
956,United Arab Emirates,Generosity,0.262
957,Malta,Generosity,0.375
958,Mexico,Generosity,0.07400000000000001
959,France,Generosity,0.111
960,Taiwan,Generosity,0.242
961,Chile,Generosity,0.187
962,Guatemala,Generosity,0.175
963,Saudi Arabia,Generosity,0.08
964,Qatar,Generosity,0.22
965,Spain,Generosity,0.153
966,Panama,Generosity,0.109
967,Brazil,Generosity,0.099
968,Uruguay,Generosity,0.127
969,Singapore,Generosity,0.271
970,El Salvador,Generosity,0.09300000000000001
971,Italy,Generosity,0.158
972,Bahrain,Generosity,0.255
973,Slovakia,Generosity,0.121
974,Trinidad & Tobago,Generosity,0.185
975,Poland,Generosity,0.11699999999999999
976,Uzbekistan,Generosity,0.322
977,Lithuania,Generosity,0.043
978,Colombia,Generosity,0.099
979,Slovenia,Generosity,0.14400000000000002
980,Nicaragua,Generosity,0.2
981,Kosovo,Generosity,0.262
982,Argentina,Generosity,0.066
983,Romania,Generosity,0.083
984,Cyprus,Generosity,0.19
985,Ecuador,Generosity,0.126
986,Kuwait,Generosity,0.142
987,Thailand,Generosity,0.359
988,Latvia,Generosity,0.075
989,South Korea,Generosity,0.175
990,Estonia,Generosity,0.10300000000000001
991,Jamaica,Generosity,0.107
992,Mauritius,Generosity,0.215
993,Japan,Generosity,0.069
994,Honduras,Generosity,0.24600000000000002
995,Kazakhstan,Generosity,0.146
996,Bolivia,Generosity,0.13699999999999998
997,Hungary,Generosity,0.081
998,Paraguay,Generosity,0.184
999,Northern Cyprus,Generosity,0.191
1000,Peru,Generosity,0.083
1001,Portugal,Generosity,0.047
1002,Pakistan,Generosity,0.22
1003,Russia,Generosity,0.08199999999999999
1004,Philippines,Generosity,0.11699999999999999
1005,Serbia,Generosity,0.13699999999999998
1006,Moldova,Generosity,0.18100000000000002
1007,Libya,Generosity,0.133
1008,Montenegro,Generosity,0.142
1009,Tajikistan,Generosity,0.23
1010,Croatia,Generosity,0.11900000000000001
1011,Hong Kong,Generosity,0.258
1012,Dominican Republic,Generosity,0.113
1013,Bosnia and Herzegovina,Generosity,0.263
1014,Turkey,Generosity,0.083
1015,Malaysia,Generosity,0.26
1016,Belarus,Generosity,0.094
1017,Greece,Generosity,0.0
1018,Mongolia,Generosity,0.235
1019,North Macedonia,Generosity,0.185
1020,Nigeria,Generosity,0.215
1021,Kyrgyzstan,Generosity,0.3
1022,Turkmenistan,Generosity,0.244
1023,Algeria,Generosity,0.073
1024,Morocco,Generosity,0.036000000000000004
1025,Azerbaijan,Generosity,0.035
1026,Lebanon,Generosity,0.166
1027,Indonesia,Generosity,0.498
1028,China,Generosity,0.057999999999999996
1029,Vietnam,Generosity,0.147
1030,Bhutan,Generosity,0.37
1031,Cameroon,Generosity,0.187
1032,Bulgaria,Generosity,0.081
1033,Ghana,Generosity,0.245
1034,Ivory Coast,Generosity,0.154
1035,Nepal,Generosity,0.285
1036,Jordan,Generosity,0.11
1037,Benin,Generosity,0.175
1038,Congo,Generosity,0.105
1039,Gabon,Generosity,0.043
1040,Laos,Generosity,0.266
1041,South Africa,Generosity,0.13
1042,Albania,Generosity,0.17800000000000002
1043,Venezuela,Generosity,0.064
1044,Cambodia,Generosity,0.23199999999999998
1045,Palestinian Territories,Generosity,0.10300000000000001
1046,Senegal,Generosity,0.153
1047,Somalia,Generosity,0.243
1048,Namibia,Generosity,0.07
1049,Niger,Generosity,0.188
1050,Burkina Faso,Generosity,0.177
1051,Armenia,Generosity,0.095
1052,Iran,Generosity,0.27
1053,Guinea,Generosity,0.207
1054,Georgia,Generosity,0.043
1055,Gambia,Generosity,0.26899999999999996
1056,Kenya,Generosity,0.37200000000000005
1057,Mauritania,Generosity,0.106
1058,Mozambique,Generosity,0.19699999999999998
1059,Tunisia,Generosity,0.059000000000000004
1060,Bangladesh,Generosity,0.166
1061,Iraq,Generosity,0.14800000000000002
1062,Dem. Rep. Congo,Generosity,0.212
1063,Mali,Generosity,0.153
1064,Sierra Leone,Generosity,0.252
1065,Sri Lanka,Generosity,0.244
1066,Myanmar,Generosity,0.5660000000000001
1067,Chad,Generosity,0.198
1068,Ukraine,Generosity,0.187
1069,Ethiopia,Generosity,0.209
1070,Swaziland,Generosity,0.07400000000000001
1071,Uganda,Generosity,0.252
1072,Egypt,Generosity,0.076
1073,Zambia,Generosity,0.247
1074,Togo,Generosity,0.177
1075,India,Generosity,0.2
1076,Liberia,Generosity,0.233
1077,Comoros,Generosity,0.275
1078,Madagascar,Generosity,0.16899999999999998
1079,Lesotho,Generosity,0.107
1080,Burundi,Generosity,0.17600000000000002
1081,Zimbabwe,Generosity,0.151
1082,Haiti,Generosity,0.419
1083,Botswana,Generosity,0.025
1084,Syria,Generosity,0.331
1085,Malawi,Generosity,0.218
1086,Yemen,Generosity,0.10800000000000001
1087,Rwanda,Generosity,0.217
1088,Tanzania,Generosity,0.276
1089,Afghanistan,Generosity,0.158
1090,Central African Rep.,Generosity,0.235
1091,S. Sudan,Generosity,0.20199999999999999
1092,Finland,Perceptions_of_corruption,0.39299999999999996
1093,Denmark,Perceptions_of_corruption,0.41
1094,Norway,Perceptions_of_corruption,0.341
1095,Iceland,Perceptions_of_corruption,0.11800000000000001
1096,Netherlands,Perceptions_of_corruption,0.298
1097,Switzerland,Perceptions_of_corruption,0.34299999999999997
1098,Sweden,Perceptions_of_corruption,0.373
1099,New Zealand,Perceptions_of_corruption,0.38
1100,Canada,Perceptions_of_corruption,0.308
1101,Austria,Perceptions_of_corruption,0.226
1102,Australia,Perceptions_of_corruption,0.29
1103,Costa Rica,Perceptions_of_corruption,0.09300000000000001
1104,Israel,Perceptions_of_corruption,0.08199999999999999
1105,Luxembourg,Perceptions_of_corruption,0.316
1106,United Kingdom,Perceptions_of_corruption,0.278
1107,Ireland,Perceptions_of_corruption,0.31
1108,Germany,Perceptions_of_corruption,0.265
1109,Belgium,Perceptions_of_corruption,0.21
1110,United States of America,Perceptions_of_corruption,0.128
1111,Czech Republic,Perceptions_of_corruption,0.036000000000000004
1112,United Arab Emirates,Perceptions_of_corruption,0.182
1113,Malta,Perceptions_of_corruption,0.151
1114,Mexico,Perceptions_of_corruption,0.073
1115,France,Perceptions_of_corruption,0.183
1116,Taiwan,Perceptions_of_corruption,0.09699999999999999
1117,Chile,Perceptions_of_corruption,0.055999999999999994
1118,Guatemala,Perceptions_of_corruption,0.078
1119,Saudi Arabia,Perceptions_of_corruption,0.132
1120,Qatar,Perceptions_of_corruption,0.16699999999999998
1121,Spain,Perceptions_of_corruption,0.079
1122,Panama,Perceptions_of_corruption,0.054000000000000006
1123,Brazil,Perceptions_of_corruption,0.086
1124,Uruguay,Perceptions_of_corruption,0.15
1125,Singapore,Perceptions_of_corruption,0.45299999999999996
1126,El Salvador,Perceptions_of_corruption,0.07400000000000001
1127,Italy,Perceptions_of_corruption,0.03
1128,Bahrain,Perceptions_of_corruption,0.11
1129,Slovakia,Perceptions_of_corruption,0.013999999999999999
1130,Trinidad & Tobago,Perceptions_of_corruption,0.016
1131,Poland,Perceptions_of_corruption,0.05
1132,Uzbekistan,Perceptions_of_corruption,0.24
1133,Lithuania,Perceptions_of_corruption,0.042
1134,Colombia,Perceptions_of_corruption,0.034
1135,Slovenia,Perceptions_of_corruption,0.057
1136,Nicaragua,Perceptions_of_corruption,0.127
1137,Kosovo,Perceptions_of_corruption,0.006
1138,Argentina,Perceptions_of_corruption,0.05
1139,Romania,Perceptions_of_corruption,0.005
1140,Cyprus,Perceptions_of_corruption,0.040999999999999995
1141,Ecuador,Perceptions_of_corruption,0.087
1142,Kuwait,Perceptions_of_corruption,0.09699999999999999
1143,Thailand,Perceptions_of_corruption,0.027999999999999997
1144,Latvia,Perceptions_of_corruption,0.064
1145,South Korea,Perceptions_of_corruption,0.055999999999999994
1146,Estonia,Perceptions_of_corruption,0.161
1147,Jamaica,Perceptions_of_corruption,0.027999999999999997
1148,Mauritius,Perceptions_of_corruption,0.06
1149,Japan,Perceptions_of_corruption,0.14
1150,Honduras,Perceptions_of_corruption,0.078
1151,Kazakhstan,Perceptions_of_corruption,0.096
1152,Bolivia,Perceptions_of_corruption,0.064
1153,Hungary,Perceptions_of_corruption,0.02
1154,Paraguay,Perceptions_of_corruption,0.08
1155,Northern Cyprus,Perceptions_of_corruption,0.162
1156,Peru,Perceptions_of_corruption,0.027000000000000003
1157,Portugal,Perceptions_of_corruption,0.025
1158,Pakistan,Perceptions_of_corruption,0.098
1159,Russia,Perceptions_of_corruption,0.031
1160,Philippines,Perceptions_of_corruption,0.107
1161,Serbia,Perceptions_of_corruption,0.039
1162,Moldova,Perceptions_of_corruption,0.0
1163,Libya,Perceptions_of_corruption,0.152
1164,Montenegro,Perceptions_of_corruption,0.08
1165,Tajikistan,Perceptions_of_corruption,0.14400000000000002
1166,Croatia,Perceptions_of_corruption,0.022000000000000002
1167,Hong Kong,Perceptions_of_corruption,0.287
1168,Dominican Republic,Perceptions_of_corruption,0.10099999999999999
1169,Bosnia and Herzegovina,Perceptions_of_corruption,0.006
1170,Turkey,Perceptions_of_corruption,0.106
1171,Malaysia,Perceptions_of_corruption,0.024
1172,Belarus,Perceptions_of_corruption,0.142
1173,Greece,Perceptions_of_corruption,0.034
1174,Mongolia,Perceptions_of_corruption,0.038
1175,North Macedonia,Perceptions_of_corruption,0.034
1176,Nigeria,Perceptions_of_corruption,0.040999999999999995
1177,Kyrgyzstan,Perceptions_of_corruption,0.023
1178,Turkmenistan,Perceptions_of_corruption,0.027999999999999997
1179,Algeria,Perceptions_of_corruption,0.114
1180,Morocco,Perceptions_of_corruption,0.076
1181,Azerbaijan,Perceptions_of_corruption,0.182
1182,Lebanon,Perceptions_of_corruption,0.027000000000000003
1183,Indonesia,Perceptions_of_corruption,0.027999999999999997
1184,China,Perceptions_of_corruption,0.1
1185,Vietnam,Perceptions_of_corruption,0.073
1186,Bhutan,Perceptions_of_corruption,0.16699999999999998
1187,Cameroon,Perceptions_of_corruption,0.037000000000000005
1188,Bulgaria,Perceptions_of_corruption,0.004
1189,Ghana,Perceptions_of_corruption,0.04
1190,Ivory Coast,Perceptions_of_corruption,0.09
1191,Nepal,Perceptions_of_corruption,0.08900000000000001
1192,Jordan,Perceptions_of_corruption,0.13
1193,Benin,Perceptions_of_corruption,0.08199999999999999
1194,Congo,Perceptions_of_corruption,0.09300000000000001
1195,Gabon,Perceptions_of_corruption,0.055
1196,Laos,Perceptions_of_corruption,0.16399999999999998
1197,South Africa,Perceptions_of_corruption,0.055
1198,Albania,Perceptions_of_corruption,0.027000000000000003
1199,Venezuela,Perceptions_of_corruption,0.047
1200,Cambodia,Perceptions_of_corruption,0.062
1201,Palestinian Territories,Perceptions_of_corruption,0.066
1202,Senegal,Perceptions_of_corruption,0.07200000000000001
1203,Somalia,Perceptions_of_corruption,0.27
1204,Namibia,Perceptions_of_corruption,0.055999999999999994
1205,Niger,Perceptions_of_corruption,0.102
1206,Burkina Faso,Perceptions_of_corruption,0.113
1207,Armenia,Perceptions_of_corruption,0.064
1208,Iran,Perceptions_of_corruption,0.125
1209,Guinea,Perceptions_of_corruption,0.086
1210,Georgia,Perceptions_of_corruption,0.16399999999999998
1211,Gambia,Perceptions_of_corruption,0.16699999999999998
1212,Kenya,Perceptions_of_corruption,0.053
1213,Mauritania,Perceptions_of_corruption,0.08800000000000001
1214,Mozambique,Perceptions_of_corruption,0.138
1215,Tunisia,Perceptions_of_corruption,0.055
1216,Bangladesh,Perceptions_of_corruption,0.14300000000000002
1217,Iraq,Perceptions_of_corruption,0.08900000000000001
1218,Dem. Rep. Congo,Perceptions_of_corruption,0.053
1219,Mali,Perceptions_of_corruption,0.052000000000000005
1220,Sierra Leone,Perceptions_of_corruption,0.045
1221,Sri Lanka,Perceptions_of_corruption,0.047
1222,Myanmar,Perceptions_of_corruption,0.172
1223,Chad,Perceptions_of_corruption,0.078
1224,Ukraine,Perceptions_of_corruption,0.01
1225,Ethiopia,Perceptions_of_corruption,0.1
1226,Swaziland,Perceptions_of_corruption,0.135
1227,Uganda,Perceptions_of_corruption,0.06
1228,Egypt,Perceptions_of_corruption,0.067
1229,Zambia,Perceptions_of_corruption,0.087
1230,Togo,Perceptions_of_corruption,0.085
1231,India,Perceptions_of_corruption,0.085
1232,Liberia,Perceptions_of_corruption,0.033
1233,Comoros,Perceptions_of_corruption,0.078
1234,Madagascar,Perceptions_of_corruption,0.040999999999999995
1235,Lesotho,Perceptions_of_corruption,0.09300000000000001
1236,Burundi,Perceptions_of_corruption,0.18
1237,Zimbabwe,Perceptions_of_corruption,0.08900000000000001
1238,Haiti,Perceptions_of_corruption,0.11
1239,Botswana,Perceptions_of_corruption,0.1
1240,Syria,Perceptions_of_corruption,0.141
1241,Malawi,Perceptions_of_corruption,0.08900000000000001
1242,Yemen,Perceptions_of_corruption,0.077
1243,Rwanda,Perceptions_of_corruption,0.41100000000000003
1244,Tanzania,Perceptions_of_corruption,0.147
1245,Afghanistan,Perceptions_of_corruption,0.025
1246,Central African Rep.,Perceptions_of_corruption,0.035
1247,S. Sudan,Perceptions_of_corruption,0.091
